epoch,train_loss,train_sup,train_phys,val_loss,val_sup,val_phys
1,0.6356797784566879,0.5261551409959793,1.0952463435837725,0.4331631734967232,0.319598950445652,1.1356421613529855
2,0.41086291521787643,0.30570957660675047,1.0515333600677823,0.3930365815758705,0.29139576852321625,1.0164080590967104
3,0.4084742456674576,0.29002160131931304,1.184526421389926,0.4000508412718773,0.28129490464925766,1.1875593212979108
4,0.4034359291195869,0.28214039877057073,1.2129552782886415,0.3890833705663681,0.2712653577327728,1.178180081882225
5,0.39497273713350295,0.26939289569854735,1.255798432724345,0.3763311356306076,0.25291479006409645,1.2341634281760419
