epoch,train_loss,train_sup,train_phys,val_loss,val_sup,val_phys
1,0.2542417977035046,0.1512337634421885,1.0300803231865168,0.2098584768474102,0.08265985310822725,1.2719862191677094
2,0.18910329387187957,0.05891169918328524,1.3019159261614084,0.169253250002861,0.03490264465101063,1.3435060217678547
3,0.1765235937476158,0.0355318755781278,1.4099171595454216,0.17733167466521263,0.03168644346855581,1.45645229229331
4,0.17322237017154693,0.025387392312474548,1.4783497508883476,0.16527973532676696,0.01710992778558284,1.4816980497837067
5,0.1702068915247917,0.01935267032664269,1.5085421864628792,0.1668649506866932,0.015383051299955696,1.5148189601004123
