{"train_loss": [0.047085728919547466, 0.006333209634758532, 0.0037996196224250726, 0.002870392911653552, 0.0023346999380737545, 0.0018853394265493585, 0.0014819810088051277, 0.0011683735203567064, 0.0009352009222170131, 0.0007544138245672608, 0.0006072724858273027, 0.00048543634546351517, 0.00039535380298426993, 0.00032544521210689303, 0.00027466086722496483, 0.00023514225306118735, 0.0002014171614589739, 0.0001752770193949497, 0.00015215076983117291, 0.00013224711730597645, 0.00011585875155611171, 0.00010107541930564265, 8.900453281562982e-05, 7.932970724747671e-05, 7.130791998254911e-05, 6.426821536378055e-05, 5.878358920098334e-05, 5.444894487381033e-05, 5.0201383892272134e-05, 4.6559394342895956e-05, 4.336207389213895e-05, 4.0421922555348526e-05, 3.815290961130005e-05, 3.5804861060266076e-05, 3.397746948192232e-05, 3.2178230434914845e-05, 3.0580148813896815e-05, 2.9375911467973816e-05, 2.7896812947195335e-05, 2.662856428287341e-05, 2.56514656272581e-05, 2.4575532196548818e-05, 2.336167421162827e-05, 2.233780468183492e-05, 2.1428332499150807e-05, 2.0626435390214383e-05, 1.9849215936523656e-05, 1.899296300305448e-05, 1.8418402107474524e-05, 1.7858291023205515e-05, 1.7419244307651146e-05, 1.685878453321897e-05, 1.634786505948998e-05, 1.5807204980673202e-05, 1.542002326358569e-05, 1.5183498267611463e-05, 1.4726669367317097e-05, 1.4535436367724389e-05, 1.4109395706327633e-05, 1.374270683097873e-05, 1.3464290988041385e-05, 1.3567384378095287e-05, 1.286060514050607e-05, 1.264550536739585e-05, 1.267357099297644e-05, 1.2475561425162595e-05, 1.2255240296528629e-05, 1.2048493289916627e-05, 1.1770722576329717e-05, 1.1573915779384455e-05, 1.1545394844587361e-05, 1.1271972122510002e-05, 1.1119851081073446e-05, 1.134054757130798e-05, 1.0851239592031763e-05, 1.0732969091501824e-05, 1.0768306337922694e-05, 1.0631464302706365e-05, 1.0447364146683766e-05, 1.0487138206877312e-05, 1.014785879104036e-05, 1.0014984844322802e-05, 9.953558353319952e-06, 9.824558985908677e-06, 9.757077972002056e-06, 9.591221624355563e-06, 9.459391627994288e-06, 9.31104396436745e-06, 9.351123915924594e-06, 9.180217504965387e-06, 8.924185801030641e-06, 8.888265052115052e-06, 8.792838601847406e-06, 8.712628148259682e-06, 8.449496969862796e-06, 8.527346064208057e-06, 8.291442035341687e-06, 8.110778825943675e-06, 8.0500422473051e-06, 7.949791579449083e-06], "val_loss": [0.009492298690602183, 0.004815525226294994, 0.003415619060397148, 0.002777100941166282, 0.0023016352392733097, 0.0018367602373473347, 0.0014517049747519194, 0.0011686334491241724, 0.0009576677880249918, 0.0007747411914169789, 0.0006287870928645134, 0.0005131816072389484, 0.00041983334987889977, 0.0003531733059207909, 0.00030557076941477133, 0.00026007937849499286, 0.00022677707049297168, 0.0001994331247988157, 0.0001745327857497614, 0.00015458496200153603, 0.0001366124482592568, 0.00012052057732944376, 0.00010726888685894665, 0.00010376405945862644, 8.85370728065027e-05, 8.1926913044299e-05, 7.539013226050884e-05, 7.22085549205076e-05, 6.664509412075859e-05, 6.327897346636747e-05, 6.0706741896865425e-05, 5.7423832004133146e-05, 5.392099690652685e-05, 5.199909315706464e-05, 5.058485177869443e-05, 4.928909867885522e-05, 4.761407275509555e-05, 4.545073716144543e-05, 4.4681791987386535e-05, 4.301714809116675e-05, 4.185687581411912e-05, 3.976881473136018e-05, 3.9679862584307554e-05, 3.815162381215487e-05, 3.7100861663930115e-05, 3.601773227273952e-05, 3.491847153782146e-05, 3.507494833684177e-05, 3.456539812759729e-05, 3.289956208391232e-05, 3.254831419326365e-05, 3.1381801272800657e-05, 3.064800930587808e-05, 3.147518301375385e-05, 3.093976700256462e-05, 2.983319900522474e-05, 2.8882621963930434e-05, 2.8884540797662338e-05, 2.84280501819012e-05, 2.8096044343328685e-05, 2.8413002464731107e-05, 2.780674994937726e-05, 2.747787411863101e-05, 2.8024199600622524e-05, 2.6420548374517237e-05, 2.6497865283090503e-05, 2.7957908632743055e-05, 2.5304935097665292e-05, 2.5861746707960264e-05, 2.6384202255940183e-05, 2.4852779379216372e-05, 2.479803125424951e-05, 2.5120810641965362e-05, 2.4726064143578697e-05, 2.4913301576816593e-05, 2.4898052333810484e-05, 2.4179066667784354e-05, 2.4218277221734752e-05, 2.4411897920799675e-05, 2.358313327022188e-05, 2.3956678314789316e-05, 2.4102956949718646e-05, 2.3395236489704984e-05, 2.3659060616409988e-05, 2.361940736136603e-05, 2.3819282187105273e-05, 2.330762995825353e-05, 2.2937246280889668e-05, 2.2867463094371488e-05, 2.276654394790967e-05, 2.2291003142527187e-05, 2.285995139118313e-05, 2.1906163306084635e-05, 2.4377734607696766e-05, 2.201814493673737e-05, 2.2192321575857933e-05, 2.138265433586639e-05, 2.1150107972971454e-05, 2.12858540680827e-05, 2.1840816534677286e-05]}